{"cameraMode":{"drawMode":0,"name":"Shaded","section":"Shading Mode"},"sceneLighting":false,"audioPlay":false,"sceneViewState":{"showFog":true,"showMaterialUpdate":true,"showSkybox":false,"showFlares":true,"showImageEffects":true,"showParticleSystems":true},"in2DMode":false,"pivot":{"x":-0.6809440851211548,"y":2.847628355026245,"z":-0.32662951946258547},"rotation":{"x":-0.11203713715076447,"y":-0.21057488024234773,"z":0.024340925738215448,"w":-0.9708648324012756},"size":9.827199935913086,"orthographic":false}