{"cameraMode":{"drawMode":0,"name":"Shaded","section":"Shading Mode"},"sceneLighting":false,"audioPlay":false,"sceneViewState":{"showFog":true,"showMaterialUpdate":true,"showSkybox":true,"showFlares":true,"showImageEffects":true,"showParticleSystems":true},"in2DMode":false,"pivot":{"x":-3.2614011764526369,"y":-45.90161895751953,"z":17.19142723083496},"rotation":{"x":-0.5006834864616394,"y":0.23107248544692994,"z":-0.14064151048660279,"w":-0.8223226070404053},"size":86.55545043945313,"orthographic":false}