{"cameraMode":{"drawMode":0,"name":"Shaded","section":"Shading Mode"},"sceneLighting":false,"audioPlay":false,"sceneViewState":{"showFog":true,"showMaterialUpdate":true,"showSkybox":true,"showFlares":true,"showImageEffects":true,"showParticleSystems":true},"in2DMode":false,"pivot":{"x":27.231401443481447,"y":0.4999484419822693,"z":-27.241470336914064},"rotation":{"x":-0.6214113235473633,"y":0.06049925833940506,"z":-0.048172928392887118,"w":-0.7796987295150757},"size":25.4405460357666,"orthographic":false}