{"cameraMode":{"drawMode":0,"name":"Shaded","section":"Shading Mode"},"sceneLighting":true,"audioPlay":false,"sceneViewState":{"showFog":true,"showMaterialUpdate":false,"showSkybox":true,"showFlares":true,"showImageEffects":true,"showParticleSystems":true},"in2DMode":false,"pivot":{"x":0.35641950368881228,"y":-88.61660766601563,"z":-0.03247728943824768},"rotation":{"x":-0.49985480308532717,"y":0.5001415610313416,"z":-0.5010542273521423,"w":-0.49894383549690249},"size":107.65990447998047,"orthographic":false}